<?xml version="1.0" encoding="UTF-8"?>
<!DOCTYPE suite SYSTEM "https://testng.org/testng-1.0.dtd">
<suite name="Suite" parallel="none">
  <!-- <groups>
	<run>
		<include name="Sanity" />
	</run>
	</groups>  -->
  <listeners>
		<listener class-name="com.mytestinglabs.helpers.TestListener" />
		<listener class-name="com.mytestinglabs.helpers.RetryListener" />
  </listeners>
	
  <test name="LoginTest">
    <classes>
      <!-- add TesNG classes here like 
          <class name="com.mytestinglabs.tests.LoginTest"/>
       -->
    </classes>
  </test> <!-- Test -->
</suite> <!-- Suite -->
